<?xml version='1.0' ?>
<toc version='1.0'>
  <tocitem text="Reference">
    <tocitem text="TopLink Essentials Java API Reference" target="toplink-essentials-javadoc__overview-summary_html">
      <tocitem text="Tree" target="toplink-essentials-javadoc__overview-tree_html"/>
      <tocitem text="Deprecated" target="toplink-essentials-javadoc__deprecated-list_html"/>
      <tocitem text="Index" target="toplink-essentials-javadoc__index-all_html"/>
      <tocitem text="Help" target="toplink-essentials-javadoc__help-doc_html"/>
      <tocitem text="Packages">
        <tocitem text="javax.persistence" target="toplink-essentials-javadoc__javax__persistence__package-summary_html">
          <tocitem text="Interface Summary">
            <tocitem text="EntityManager" target="toplink-essentials-javadoc__javax__persistence__EntityManager_html"/>
            <tocitem text="EntityManagerFactory" target="toplink-essentials-javadoc__javax__persistence__EntityManagerFactory_html"/>
            <tocitem text="EntityTransaction" target="toplink-essentials-javadoc__javax__persistence__EntityTransaction_html"/>
            <tocitem text="Query" target="toplink-essentials-javadoc__javax__persistence__Query_html"/>
          </tocitem>
          <tocitem text="Class Summary">
            <tocitem text="Persistence" target="toplink-essentials-javadoc__javax__persistence__Persistence_html"/>
          </tocitem>
          <tocitem text="Enum Summary">
            <tocitem text="CascadeType" target="toplink-essentials-javadoc__javax__persistence__CascadeType_html"/>
            <tocitem text="DiscriminatorType" target="toplink-essentials-javadoc__javax__persistence__DiscriminatorType_html"/>
            <tocitem text="EnumType" target="toplink-essentials-javadoc__javax__persistence__EnumType_html"/>
            <tocitem text="FetchType" target="toplink-essentials-javadoc__javax__persistence__FetchType_html"/>
            <tocitem text="FlushModeType" target="toplink-essentials-javadoc__javax__persistence__FlushModeType_html"/>
            <tocitem text="GenerationType" target="toplink-essentials-javadoc__javax__persistence__GenerationType_html"/>
            <tocitem text="InheritanceType" target="toplink-essentials-javadoc__javax__persistence__InheritanceType_html"/>
            <tocitem text="LockModeType" target="toplink-essentials-javadoc__javax__persistence__LockModeType_html"/>
            <tocitem text="PersistenceContextType" target="toplink-essentials-javadoc__javax__persistence__PersistenceContextType_html"/>
            <tocitem text="TemporalType" target="toplink-essentials-javadoc__javax__persistence__TemporalType_html"/>
          </tocitem>
          <tocitem text="Exception Summary">
            <tocitem text="EntityExistsException" target="toplink-essentials-javadoc__javax__persistence__EntityExistsException_html"/>
            <tocitem text="EntityNotFoundException" target="toplink-essentials-javadoc__javax__persistence__EntityNotFoundException_html"/>
            <tocitem text="NonUniqueResultException" target="toplink-essentials-javadoc__javax__persistence__NonUniqueResultException_html"/>
            <tocitem text="NoResultException" target="toplink-essentials-javadoc__javax__persistence__NoResultException_html"/>
            <tocitem text="OptimisticLockException" target="toplink-essentials-javadoc__javax__persistence__OptimisticLockException_html"/>
            <tocitem text="PersistenceException" target="toplink-essentials-javadoc__javax__persistence__PersistenceException_html"/>
            <tocitem text="RollbackException" target="toplink-essentials-javadoc__javax__persistence__RollbackException_html"/>
            <tocitem text="TransactionRequiredException" target="toplink-essentials-javadoc__javax__persistence__TransactionRequiredException_html"/>
          </tocitem>
          <tocitem text="Annotation Types Summary">
            <tocitem text="AssociationOverride" target="toplink-essentials-javadoc__javax__persistence__AssociationOverride_html"/>
            <tocitem text="AssociationOverrides" target="toplink-essentials-javadoc__javax__persistence__AssociationOverrides_html"/>
            <tocitem text="AttributeOverride" target="toplink-essentials-javadoc__javax__persistence__AttributeOverride_html"/>
            <tocitem text="AttributeOverrides" target="toplink-essentials-javadoc__javax__persistence__AttributeOverrides_html"/>
            <tocitem text="Basic" target="toplink-essentials-javadoc__javax__persistence__Basic_html"/>
            <tocitem text="Column" target="toplink-essentials-javadoc__javax__persistence__Column_html"/>
            <tocitem text="ColumnResult" target="toplink-essentials-javadoc__javax__persistence__ColumnResult_html"/>
            <tocitem text="DiscriminatorColumn" target="toplink-essentials-javadoc__javax__persistence__DiscriminatorColumn_html"/>
            <tocitem text="DiscriminatorValue" target="toplink-essentials-javadoc__javax__persistence__DiscriminatorValue_html"/>
            <tocitem text="Embeddable" target="toplink-essentials-javadoc__javax__persistence__Embeddable_html"/>
            <tocitem text="Embedded" target="toplink-essentials-javadoc__javax__persistence__Embedded_html"/>
            <tocitem text="EmbeddedId" target="toplink-essentials-javadoc__javax__persistence__EmbeddedId_html"/>
            <tocitem text="Entity" target="toplink-essentials-javadoc__javax__persistence__Entity_html"/>
            <tocitem text="EntityListeners" target="toplink-essentials-javadoc__javax__persistence__EntityListeners_html"/>
            <tocitem text="EntityResult" target="toplink-essentials-javadoc__javax__persistence__EntityResult_html"/>
            <tocitem text="Enumerated" target="toplink-essentials-javadoc__javax__persistence__Enumerated_html"/>
            <tocitem text="ExcludeDefaultListeners" target="toplink-essentials-javadoc__javax__persistence__ExcludeDefaultListeners_html"/>
            <tocitem text="ExcludeSuperclassListeners" target="toplink-essentials-javadoc__javax__persistence__ExcludeSuperclassListeners_html"/>
            <tocitem text="FieldResult" target="toplink-essentials-javadoc__javax__persistence__FieldResult_html"/>
            <tocitem text="GeneratedValue" target="toplink-essentials-javadoc__javax__persistence__GeneratedValue_html"/>
            <tocitem text="Id" target="toplink-essentials-javadoc__javax__persistence__Id_html"/>
            <tocitem text="IdClass" target="toplink-essentials-javadoc__javax__persistence__IdClass_html"/>
            <tocitem text="Inheritance" target="toplink-essentials-javadoc__javax__persistence__Inheritance_html"/>
            <tocitem text="JoinColumn" target="toplink-essentials-javadoc__javax__persistence__JoinColumn_html"/>
            <tocitem text="JoinColumns" target="toplink-essentials-javadoc__javax__persistence__JoinColumns_html"/>
            <tocitem text="JoinTable" target="toplink-essentials-javadoc__javax__persistence__JoinTable_html"/>
            <tocitem text="Lob" target="toplink-essentials-javadoc__javax__persistence__Lob_html"/>
            <tocitem text="ManyToMany" target="toplink-essentials-javadoc__javax__persistence__ManyToMany_html"/>
            <tocitem text="ManyToOne" target="toplink-essentials-javadoc__javax__persistence__ManyToOne_html"/>
            <tocitem text="MapKey" target="toplink-essentials-javadoc__javax__persistence__MapKey_html"/>
            <tocitem text="MappedSuperclass" target="toplink-essentials-javadoc__javax__persistence__MappedSuperclass_html"/>
            <tocitem text="NamedNativeQueries" target="toplink-essentials-javadoc__javax__persistence__NamedNativeQueries_html"/>
            <tocitem text="NamedNativeQuery" target="toplink-essentials-javadoc__javax__persistence__NamedNativeQuery_html"/>
            <tocitem text="NamedQueries" target="toplink-essentials-javadoc__javax__persistence__NamedQueries_html"/>
            <tocitem text="NamedQuery" target="toplink-essentials-javadoc__javax__persistence__NamedQuery_html"/>
            <tocitem text="OneToMany" target="toplink-essentials-javadoc__javax__persistence__OneToMany_html"/>
            <tocitem text="OneToOne" target="toplink-essentials-javadoc__javax__persistence__OneToOne_html"/>
            <tocitem text="OrderBy" target="toplink-essentials-javadoc__javax__persistence__OrderBy_html"/>
            <tocitem text="PersistenceContext" target="toplink-essentials-javadoc__javax__persistence__PersistenceContext_html"/>
            <tocitem text="PersistenceContexts" target="toplink-essentials-javadoc__javax__persistence__PersistenceContexts_html"/>
            <tocitem text="PersistenceProperty" target="toplink-essentials-javadoc__javax__persistence__PersistenceProperty_html"/>
            <tocitem text="PersistenceUnit" target="toplink-essentials-javadoc__javax__persistence__PersistenceUnit_html"/>
            <tocitem text="PersistenceUnits" target="toplink-essentials-javadoc__javax__persistence__PersistenceUnits_html"/>
            <tocitem text="PostLoad" target="toplink-essentials-javadoc__javax__persistence__PostLoad_html"/>
            <tocitem text="PostPersist" target="toplink-essentials-javadoc__javax__persistence__PostPersist_html"/>
            <tocitem text="PostRemove" target="toplink-essentials-javadoc__javax__persistence__PostRemove_html"/>
            <tocitem text="PostUpdate" target="toplink-essentials-javadoc__javax__persistence__PostUpdate_html"/>
            <tocitem text="PrePersist" target="toplink-essentials-javadoc__javax__persistence__PrePersist_html"/>
            <tocitem text="PreRemove" target="toplink-essentials-javadoc__javax__persistence__PreRemove_html"/>
            <tocitem text="PreUpdate" target="toplink-essentials-javadoc__javax__persistence__PreUpdate_html"/>
            <tocitem text="PrimaryKeyJoinColumn" target="toplink-essentials-javadoc__javax__persistence__PrimaryKeyJoinColumn_html"/>
            <tocitem text="PrimaryKeyJoinColumns" target="toplink-essentials-javadoc__javax__persistence__PrimaryKeyJoinColumns_html"/>
            <tocitem text="QueryHint" target="toplink-essentials-javadoc__javax__persistence__QueryHint_html"/>
            <tocitem text="SecondaryTable" target="toplink-essentials-javadoc__javax__persistence__SecondaryTable_html"/>
            <tocitem text="SecondaryTables" target="toplink-essentials-javadoc__javax__persistence__SecondaryTables_html"/>
            <tocitem text="SequenceGenerator" target="toplink-essentials-javadoc__javax__persistence__SequenceGenerator_html"/>
            <tocitem text="SqlResultSetMapping" target="toplink-essentials-javadoc__javax__persistence__SqlResultSetMapping_html"/>
            <tocitem text="SqlResultSetMappings" target="toplink-essentials-javadoc__javax__persistence__SqlResultSetMappings_html"/>
            <tocitem text="Table" target="toplink-essentials-javadoc__javax__persistence__Table_html"/>
            <tocitem text="TableGenerator" target="toplink-essentials-javadoc__javax__persistence__TableGenerator_html"/>
            <tocitem text="Temporal" target="toplink-essentials-javadoc__javax__persistence__Temporal_html"/>
            <tocitem text="Transient" target="toplink-essentials-javadoc__javax__persistence__Transient_html"/>
            <tocitem text="UniqueConstraint" target="toplink-essentials-javadoc__javax__persistence__UniqueConstraint_html"/>
            <tocitem text="Version" target="toplink-essentials-javadoc__javax__persistence__Version_html"/>
          </tocitem>
        </tocitem>
        <tocitem text="javax.persistence.spi" target="toplink-essentials-javadoc__javax__persistence__spi__package-summary_html">
          <tocitem text="Interface Summary">
            <tocitem text="ClassTransformer" target="toplink-essentials-javadoc__javax__persistence__spi__ClassTransformer_html"/>
            <tocitem text="PersistenceProvider" target="toplink-essentials-javadoc__javax__persistence__spi__PersistenceProvider_html"/>
            <tocitem text="PersistenceUnitInfo" target="toplink-essentials-javadoc__javax__persistence__spi__PersistenceUnitInfo_html"/>
          </tocitem>
          <tocitem text="Enum Summary">
            <tocitem text="PersistenceUnitTransactionType" target="toplink-essentials-javadoc__javax__persistence__spi__PersistenceUnitTransactionType_html"/>
          </tocitem>
        </tocitem>
        <tocitem text="oracle.toplink.essentials" target="toplink-essentials-javadoc__oracle__toplink__essentials__package-summary_html">
          <tocitem text="Class Summary">
            <tocitem text="PersistenceProvider" target="toplink-essentials-javadoc__oracle__toplink__essentials__PersistenceProvider_html"/>
          </tocitem>
        </tocitem>
        <tocitem text="oracle.toplink.essentials.config" target="toplink-essentials-javadoc__oracle__toplink__essentials__config__package-summary_html">
          <tocitem text="Class Summary">
            <tocitem text="CacheType" target="toplink-essentials-javadoc__oracle__toplink__essentials__config__CacheType_html"/>
            <tocitem text="CacheUsage" target="toplink-essentials-javadoc__oracle__toplink__essentials__config__CacheUsage_html"/>
            <tocitem text="HintValues" target="toplink-essentials-javadoc__oracle__toplink__essentials__config__HintValues_html"/>
            <tocitem text="LoggerType" target="toplink-essentials-javadoc__oracle__toplink__essentials__config__LoggerType_html"/>
            <tocitem text="PessimisticLock" target="toplink-essentials-javadoc__oracle__toplink__essentials__config__PessimisticLock_html"/>
            <tocitem text="TargetDatabase" target="toplink-essentials-javadoc__oracle__toplink__essentials__config__TargetDatabase_html"/>
            <tocitem text="TargetServer" target="toplink-essentials-javadoc__oracle__toplink__essentials__config__TargetServer_html"/>
            <tocitem text="TopLinkProperties" target="toplink-essentials-javadoc__oracle__toplink__essentials__config__TopLinkProperties_html"/>
            <tocitem text="TopLinkQueryHints" target="toplink-essentials-javadoc__oracle__toplink__essentials__config__TopLinkQueryHints_html"/>
          </tocitem>
        </tocitem>
        <tocitem text="oracle.toplink.essentials.descriptors" target="toplink-essentials-javadoc__oracle__toplink__essentials__descriptors__package-summary_html">
          <tocitem text="Class Summary">
            <tocitem text="ClassDescriptor" target="toplink-essentials-javadoc__oracle__toplink__essentials__descriptors__ClassDescriptor_html"/>
          </tocitem>
        </tocitem>
        <tocitem text="oracle.toplink.essentials.ejb.cmp3" target="toplink-essentials-javadoc__oracle__toplink__essentials__ejb__cmp3__package-summary_html">
          <tocitem text="Interface Summary">
            <tocitem text="EJBQuery" target="toplink-essentials-javadoc__oracle__toplink__essentials__ejb__cmp3__EJBQuery_html"/>
            <tocitem text="EntityManager" target="toplink-essentials-javadoc__oracle__toplink__essentials__ejb__cmp3__EntityManager_html"/>
          </tocitem>
          <tocitem text="Class Summary">
            <tocitem text="EntityManagerFactoryProvider" target="toplink-essentials-javadoc__oracle__toplink__essentials__ejb__cmp3__EntityManagerFactoryProvider_html"/>
          </tocitem>
        </tocitem>
        <tocitem text="oracle.toplink.essentials.logging" target="toplink-essentials-javadoc__oracle__toplink__essentials__logging__package-summary_html">
          <tocitem text="Interface Summary">
            <tocitem text="SessionLog" target="toplink-essentials-javadoc__oracle__toplink__essentials__logging__SessionLog_html"/>
          </tocitem>
          <tocitem text="Class Summary">
            <tocitem text="AbstractSessionLog" target="toplink-essentials-javadoc__oracle__toplink__essentials__logging__AbstractSessionLog_html"/>
            <tocitem text="DefaultSessionLog" target="toplink-essentials-javadoc__oracle__toplink__essentials__logging__DefaultSessionLog_html"/>
            <tocitem text="JavaLog" target="toplink-essentials-javadoc__oracle__toplink__essentials__logging__JavaLog_html"/>
            <tocitem text="SessionLogEntry" target="toplink-essentials-javadoc__oracle__toplink__essentials__logging__SessionLogEntry_html"/>
            <tocitem text="TopLinkLogRecord" target="toplink-essentials-javadoc__oracle__toplink__essentials__logging__TopLinkLogRecord_html"/>
            <tocitem text="TopLinkSimpleFormatter" target="toplink-essentials-javadoc__oracle__toplink__essentials__logging__TopLinkSimpleFormatter_html"/>
            <tocitem text="TopLinkXMLFormatter" target="toplink-essentials-javadoc__oracle__toplink__essentials__logging__TopLinkXMLFormatter_html"/>
          </tocitem>
        </tocitem>
        <tocitem text="oracle.toplink.essentials.platform.database" target="toplink-essentials-javadoc__oracle__toplink__essentials__platform__database__package-summary_html">
          <tocitem text="Class Summary">
            <tocitem text="AccessPlatform" target="toplink-essentials-javadoc__oracle__toplink__essentials__platform__database__AccessPlatform_html"/>
            <tocitem text="AttunityPlatform" target="toplink-essentials-javadoc__oracle__toplink__essentials__platform__database__AttunityPlatform_html"/>
            <tocitem text="CloudscapePlatform" target="toplink-essentials-javadoc__oracle__toplink__essentials__platform__database__CloudscapePlatform_html"/>
            <tocitem text="DatabasePlatform" target="toplink-essentials-javadoc__oracle__toplink__essentials__platform__database__DatabasePlatform_html"/>
            <tocitem text="DB2MainframePlatform" target="toplink-essentials-javadoc__oracle__toplink__essentials__platform__database__DB2MainframePlatform_html"/>
            <tocitem text="DB2Platform" target="toplink-essentials-javadoc__oracle__toplink__essentials__platform__database__DB2Platform_html"/>
            <tocitem text="DBasePlatform" target="toplink-essentials-javadoc__oracle__toplink__essentials__platform__database__DBasePlatform_html"/>
            <tocitem text="DerbyPlatform" target="toplink-essentials-javadoc__oracle__toplink__essentials__platform__database__DerbyPlatform_html"/>
            <tocitem text="HSQLPlatform" target="toplink-essentials-javadoc__oracle__toplink__essentials__platform__database__HSQLPlatform_html"/>
            <tocitem text="InformixPlatform" target="toplink-essentials-javadoc__oracle__toplink__essentials__platform__database__InformixPlatform_html"/>
            <tocitem text="JavaDBPlatform" target="toplink-essentials-javadoc__oracle__toplink__essentials__platform__database__JavaDBPlatform_html"/>
            <tocitem text="MySQL4Platform" target="toplink-essentials-javadoc__oracle__toplink__essentials__platform__database__MySQL4Platform_html"/>
            <tocitem text="PointBasePlatform" target="toplink-essentials-javadoc__oracle__toplink__essentials__platform__database__PointBasePlatform_html"/>
            <tocitem text="PostgreSQLPlatform" target="toplink-essentials-javadoc__oracle__toplink__essentials__platform__database__PostgreSQLPlatform_html"/>
            <tocitem text="SQLAnyWherePlatform" target="toplink-essentials-javadoc__oracle__toplink__essentials__platform__database__SQLAnyWherePlatform_html"/>
            <tocitem text="SQLServerPlatform" target="toplink-essentials-javadoc__oracle__toplink__essentials__platform__database__SQLServerPlatform_html"/>
            <tocitem text="SybasePlatform" target="toplink-essentials-javadoc__oracle__toplink__essentials__platform__database__SybasePlatform_html"/>
            <tocitem text="TimesTenPlatform" target="toplink-essentials-javadoc__oracle__toplink__essentials__platform__database__TimesTenPlatform_html"/>
          </tocitem>
        </tocitem>
        <tocitem text="oracle.toplink.essentials.platform.database.oracle" target="toplink-essentials-javadoc__oracle__toplink__essentials__platform__database__oracle__package-summary_html">
          <tocitem text="Class Summary">
            <tocitem text="OraclePlatform" target="toplink-essentials-javadoc__oracle__toplink__essentials__platform__database__oracle__OraclePlatform_html"/>
          </tocitem>
        </tocitem>
        <tocitem text="oracle.toplink.essentials.platform.server" target="toplink-essentials-javadoc__oracle__toplink__essentials__platform__server__package-summary_html">
          <tocitem text="Interface Summary">
            <tocitem text="ServerPlatform" target="toplink-essentials-javadoc__oracle__toplink__essentials__platform__server__ServerPlatform_html"/>
          </tocitem>
          <tocitem text="Class Summary">
            <tocitem text="CustomServerPlatform" target="toplink-essentials-javadoc__oracle__toplink__essentials__platform__server__CustomServerPlatform_html"/>
            <tocitem text="NoServerPlatform" target="toplink-essentials-javadoc__oracle__toplink__essentials__platform__server__NoServerPlatform_html"/>
            <tocitem text="ServerLog" target="toplink-essentials-javadoc__oracle__toplink__essentials__platform__server__ServerLog_html"/>
            <tocitem text="ServerPlatformBase" target="toplink-essentials-javadoc__oracle__toplink__essentials__platform__server__ServerPlatformBase_html"/>
          </tocitem>
        </tocitem>
        <tocitem text="oracle.toplink.essentials.platform.server.oc4j" target="toplink-essentials-javadoc__oracle__toplink__essentials__platform__server__oc4j__package-summary_html">
          <tocitem text="Class Summary">
            <tocitem text="Oc4jPlatform" target="toplink-essentials-javadoc__oracle__toplink__essentials__platform__server__oc4j__Oc4jPlatform_html"/>
          </tocitem>
        </tocitem>
        <tocitem text="oracle.toplink.essentials.platform.server.sunas" target="toplink-essentials-javadoc__oracle__toplink__essentials__platform__server__sunas__package-summary_html">
          <tocitem text="Class Summary">
            <tocitem text="SunAS9ServerPlatform" target="toplink-essentials-javadoc__oracle__toplink__essentials__platform__server__sunas__SunAS9ServerPlatform_html"/>
          </tocitem>
        </tocitem>
        <tocitem text="oracle.toplink.essentials.sessions" target="toplink-essentials-javadoc__oracle__toplink__essentials__sessions__package-summary_html">
          <tocitem text="Interface Summary">
            <tocitem text="Session" target="toplink-essentials-javadoc__oracle__toplink__essentials__sessions__Session_html"/>
          </tocitem>
        </tocitem>
        <tocitem text="oracle.toplink.essentials.tools.sessionconfiguration" target="toplink-essentials-javadoc__oracle__toplink__essentials__tools__sessionconfiguration__package-summary_html">
          <tocitem text="Interface Summary">
            <tocitem text="DescriptorCustomizer" target="toplink-essentials-javadoc__oracle__toplink__essentials__tools__sessionconfiguration__DescriptorCustomizer_html"/>
            <tocitem text="SessionCustomizer" target="toplink-essentials-javadoc__oracle__toplink__essentials__tools__sessionconfiguration__SessionCustomizer_html"/>
          </tocitem>
        </tocitem>
        <tocitem text="oracle.toplink.essentials.weaving" target="toplink-essentials-javadoc__oracle__toplink__essentials__weaving__package-summary_html">
          <tocitem text="Class Summary">
            <tocitem text="StaticWeave" target="toplink-essentials-javadoc__oracle__toplink__essentials__weaving__StaticWeave_html"/>
            <tocitem text="StaticWeaveAntTask" target="toplink-essentials-javadoc__oracle__toplink__essentials__weaving__StaticWeaveAntTask_html"/>
            <tocitem text="StaticWeaveProcessor" target="toplink-essentials-javadoc__oracle__toplink__essentials__weaving__StaticWeaveProcessor_html"/>
          </tocitem>
        </tocitem>
      </tocitem>
    </tocitem>
  </tocitem>
</toc>
